Update_Nombre,Fecha_Rollout,Tipo_Update,Objetivo_Google,Impacto_Ibiza_Villa,Metricas_Afectadas,Tráfico_Perdido,Rankings_Perdidos,Tiempo_Recuperacion,Acciones_Tomadas,Lecciones_Aprendidas,Prioridad_Monitoreo,Notas
"Google Helpful Content Update (HCU)",Agosto 2023,Core Algorithm,"Penalizar contenido generado para SEO sin valor usuario. Priorizar experiencia real, expertise demostrable.","Impacto Negativo Moderado (-18% tráfico orgánico en 30 días)","Tráfico orgánico -18%, Conversión -22%, Keywords Top 10 -12 posiciones, Bounce rate +15%","-1,250 sesiones/mes (desde 6,850 → 5,600)","-12 keywords bajaron de Top 10 a posiciones 11-25","90 días (recuperación parcial 85%)","Añadir guías experienciales con fotos propias villas, casos estudio huéspedes reales, eliminar contenido genérico blog.","HCU penaliza contenido sin E-E-A-T. Priorizar experiencia local real sobre keywords genéricas.",Crítica,"HCU targeting contenido thin, keyword-stuffed, sin experiencia real. Crítico para luxury villas demostrar expertise local."
"Core Web Vitals Update",Junio 2021,Page Experience,"Priorizar sitios con mejor experiencia usuario: velocidad, interactividad, estabilidad visual.","Impacto Negativo Leve (-8% tráfico mobile)","LCP 4.2s → 4.8s (empeoró), CLS 0.12 → 0.18 (empeoró), Tráfico mobile -8%, Desktop sin cambios","-280 sesiones/mes mobile (desde 3,500 → 3,220)","-6 keywords mobile bajaron 3-5 posiciones","45 días (optimización WebP + lazy load)","Migrar imágenes a WebP, implementar lazy loading galería villas, mover scripts a footer, critical CSS inline.","Mobile-first indexing requiere Core Web Vitals óptimos. Mobile = 68% tráfico total Ibiza Villa.",Alta,"Mobile performance crítico para búsquedas viajes. 76% usuarios buscan villas desde móvil en playa/aeropuerto."
"Product Reviews Update",Marzo 2022,Content Quality,"Priorizar reviews auténticas con experiencia personal. Penalizar reviews genéricas o copiadas.","Impacto Neutro (Ibiza Villa no afectado)","Sin cambios detectados en métricas principales","0 sesiones perdidas","0 keywords afectadas","N/A (sin impacto)","N/A - No tenemos sección reviews productos. Solo testimonios clientes en footer.","Update enfocado e-commerce con reviews productos. No aplicable a villas alquiler (servicio, no producto).",Baja,"Monitorear por si Google expande a reviews servicios. Testimonios clientes deben seguir schema Review para prepararse."
"Spam Update (SpamBrain AI)",Octubre 2022,Spam Detection,"Detectar automáticamente spam links, contenido autogenerado, cloaking, keyword stuffing con IA.","Impacto Positivo Leve (+3% tráfico, competidores penalizados)","Tráfico orgánico +3% (competidores spam penalizados), Rankings mejoraron 2-3 posiciones 8 keywords","+180 sesiones/mes (desde 5,800 → 5,980)","+8 keywords subieron 2-3 posiciones (competidores cayeron)","Inmediato (beneficio pasivo)","Ninguna acción requerida. Ibiza Villa tiene link profile limpio sin spam.","Link profile limpio = ventaja competitiva cuando Google penaliza spam masivo. Evitar backlinks baratos.",Media,"SpamBrain IA cada vez más sofisticado. Evitar directorios spam, guest posts low-quality, PBNs. Calidad > Cantidad."
"BERT Update",Octubre 2019,Language Understanding,"Mejorar comprensión lenguaje natural queries complejas. Entender contexto palabras en frase completa.","Impacto Positivo Moderado (+12% tráfico long-tail conversacionales)","Tráfico long-tail +12%, Keywords conversacionales +8 posiciones promedio, Featured Snippets +2","+420 sesiones/mes (queries conversacionales largas)","+6 keywords long-tail entraron Top 10 desde +20","15 días (impacto inmediato, sin acciones)","Ninguna acción. Beneficio pasivo por contenido FAQ natural conversacional existente.","BERT beneficia contenido conversacional natural. FAQ format con preguntas completas = ventaja algoritmo NLP.",Alta,"BERT precursor IA/SGE. Contenido optimizado BERT = base sólida para ChatGPT/Bard. Queries conversacionales creciendo 35% anual."
"E-E-A-T Core Update",Diciembre 2022,Trust & Expertise,"Elevar señales E-E-A-T (Experience, Expertise, Authoritativeness, Trustworthiness) en YMYL queries.","Impacto Negativo Alto (-25% tráfico transaccional, YMYL penalizado)","Tráfico transaccional -25%, Keywords transaccionales YMYL -15 posiciones, Conversión checkout -30%","-1,580 sesiones/mes (desde 6,320 → 4,740)","-18 keywords YMYL ('alquiler villa ibiza', 'precio villas') bajaron 10-15 posiciones","120 días (recuperación lenta, 70% recuperado)","Implementar Schema Person fundador, añadir sección Sobre Nosotros con equipo, conseguir 3 menciones Forbes/Timeout, verificar GBP.","YMYL queries (transacciones €3k-15k) requieren E-E-A-T fuerte. Sin personas reales identificadas = penalización algoritmo.",Crítica,"E-E-A-T crítico para luxury villas (YMYL alto valor). Sin E-E-A-T sólido = imposible rankear keywords transaccionales competitivas."
"Penguin Update 4.0",Septiembre 2016,Link Quality,"Penalizar sitios con backlinks spam manipulativos. Devaluar links low-quality en lugar de penalizar sitio completo.","Impacto Negativo Leve (-5% tráfico, links tóxicos devaluados)","Tráfico orgánico -5%, 10 enlaces tóxicos devaluados (DR <15, spam score >80)","-220 sesiones/mes (desde 4,400 → 4,180)","-4 keywords bajaron 2-3 posiciones","30 días (disavow file subido)","Subir disavow.txt con 10 dominios spam (casino-online, cheap-holidays spam). Monitorear link profile mensual.","Link profile debe auditarse cada 3 meses. 10% links tóxicos = suficiente para impacto negativo Penguin.",Alta,"Penguin ahora real-time (parte Core Algorithm). Links tóxicos nuevos = impacto inmediato. Disavow preventivo crítico."
"Mobile-First Indexing Rollout",Marzo 2021,Mobile Prioritization,"Indexar versión mobile del sitio primero. Desktop version = secundaria o ignorada.","Impacto Negativo Moderado (-15% tráfico, mobile content incompleto vs desktop)","Tráfico total -15%, Mobile rankings -8 posiciones, Desktop sin cambios, Mobile UX issues detectados","-980 sesiones/mes (desde 6,530 → 5,550)","-12 keywords mobile bajaron 6-8 posiciones (contenido mobile incompleto)","60 días (paridad mobile/desktop content)","Auditoría content parity mobile vs desktop. Añadir todo contenido desktop faltante en mobile. Fix mobile nav menu oculto.","Mobile-First = Google solo ve tu mobile version. Contenido oculto mobile = no indexado. Paridad 100% crítica.",Crítica,"68% tráfico Ibiza Villa = mobile. Mobile version debe ser IDÉNTICA o MEJOR que desktop. Hidden content mobile = no existe para Google."
"Passage Ranking",Febrero 2021,Content Granularity,"Rankear pasajes específicos de páginas largas independientemente. No necesita rankear página completa.","Impacto Positivo Leve (+5% tráfico long-form content)","Tráfico blog +5%, Guías largas +3 featured snippets, Long-form content mejor visibilidad","+150 sesiones/mes (desde 3,000 → 3,150)","+3 featured snippets para pasajes específicos guías largas","Inmediato (beneficio pasivo)","Ninguna acción. Guías Ibiza existentes (3,000+ palabras) se benefician automáticamente de Passage Ranking.","Passage Ranking beneficia contenido long-form bien estructurado con H2/H3 claros. No necesita crear páginas separadas por cada subtema.",Media,"Passage Ranking = oportunidad rankear queries específicas con contenido comprehensivo largo. Guías completas > landing pages cortas."
"Link Spam Update",Diciembre 2022,Spam Detection,"Detectar automáticamente spam links: compra links, intercambios excesivos, guest posts manipulativos.","Impacto Neutro (link profile limpio, sin spam)","Sin cambios detectados. Link profile Ibiza Villa limpio.","0 sesiones perdidas","0 keywords afectadas","N/A","Ninguna acción requerida. Auditoría link profile confirma 0 links spam detectados.","Link profile con DR promedio 45 (medio-alto), 0 links spam score >70. Estrategia white-hat funciona.",Baja,"Link Spam Update cada vez más frecuente (2-3 veces/año). Evitar esquemas links artificiales. Calidad > Cantidad."
"Core Update Marzo 2024",Marzo 2024,Core Algorithm,"Reevaluación calidad general páginas. Priorizar contenido útil, confiable, people-first.","Impacto Negativo Moderado (-12% tráfico, contenido thin penalizado)","Tráfico orgánico -12%, 8 páginas thin content perdieron rankings, Bounce rate +10%","-820 sesiones/mes (desde 6,830 → 6,010)","-8 páginas thin (<300 palabras) bajaron 10-15 posiciones","75 días (expansión contenido thin)","Expandir 8 páginas thin a 800+ palabras. Añadir casos estudio, FAQs, datos propios, fotos exclusivas.","Core Updates penalizan contenido thin sin valor agregado. Páginas <500 palabras = riesgo penalización Core Update.",Alta,"Core Updates impredecibles (4-6 veces/año). Contenido thin = vulnerabilidad. Todas páginas deben ofrecer valor único."
"Multitask Unified Model (MUM)",Junio 2021,Multimodal AI,"Entender información a través de texto, imágenes, video. Responder queries complejas multimodales.","Impacto Neutro a Positivo (+3% tráfico, imágenes optimizadas)","Tráfico Google Images +8%, Búsquedas multimodales +3%, Video tours villa +5 posiciones","+95 sesiones/mes (Google Images + video search)","+2 keywords multimodales ('villa ibiza piscina' con imagen intent)","Inmediato (beneficio pasivo)","Ninguna acción inmediata. Galería villas existente con alt text descriptivo se beneficia de MUM.","MUM entiende imágenes + texto contexto. Alt text descriptivo + Schema ImageObject = mejor comprensión MUM.",Media,"MUM precursor búsqueda multimodal futuro. Imágenes alta calidad + video tours = ventaja competitiva búsquedas visuales."
"Local Search Update",Noviembre 2021,Local SEO,"Mejorar resultados búsquedas locales. Priorizar proximidad, relevancia, prominencia (NAP consistency).","Impacto Positivo Moderado (+18% tráfico local 'villas ibiza [zona]')","Tráfico local +18%, Local Pack apariciones +5 queries, GBP impresiones +25%","+480 sesiones/mes (búsquedas locales zona Ibiza)","+5 keywords local pack ('villas ibiza cala tarida', 'villas santa eulalia')","Inmediato (GBP ya optimizado)","Ninguna acción inmediata. GBP verificado + NAP consistente ya estaban implementados.","Local Search favorece GBP optimizado + NAP consistency 100%. Proximidad = factor ranking crítico búsquedas 'cerca de mí'.",Alta,"76% búsquedas villas incluyen términos locales ('zona X', 'cerca playa'). Local SEO = crítico para capturar intención geográfica."
"Site Reputation Abuse Update",Mayo 2024,Content Quality,"Penalizar sitios reputados que alojan contenido third-party low-quality para manipular rankings.","Impacto Neutro (no aplicable, sin third-party content)","Sin cambios. Ibiza Villa no tiene third-party content hosted.","0 sesiones perdidas","0 keywords afectadas","N/A","Ninguna acción. No alojamos guest posts, sponsored content third-party, o secciones third-party.","Update targeting sitios news/authority que venden secciones a third parties. No aplicable a luxury villa rental.",Baja,"Evitar alojar contenido third-party (guest posts vendidos, sponsored sections). Mantener control editorial 100%."
