Keyword_Objetivo,Volumen_Mensual,Dificultad,CPC,Posicion_Actual,Posicion_Objetivo,URL_Recomendada,Accion,Trafico_Estimado,Conversion_Estimada,Valor_Estimado,Prioridad
alquiler villas ibiza piscina privada,720,42,€3.80,Sin posicionar,5-8,/villas/,Crear landing específica + contenido optimizado,88-145 sesiones/mes,2.5%,2-4 reservas/mes,Muy Alta
villas lujo ibiza primera linea mar,580,48,€4.20,Sin posicionar,6-10,/villas/primera-linea/,Nueva página categoría + backlinks,68-98 sesiones/mes,3.2%,2-3 reservas/mes,Muy Alta
alquiler villa ibiza 10 personas,490,38,€3.50,Sin posicionar,4-7,/villas/grupos/10-personas/,Landing específica + filtros,78-118 sesiones/mes,2.8%,2-3 reservas/mes,Alta
villa con chef privado ibiza,380,35,€4.50,Sin posicionar,5-9,/servicios/chef-privado/,Optimizar página existente + contenido,48-72 sesiones/mes,4.5%,2-3 servicios/mes,Alta
villas ibiza agosto 2024,1200,52,€5.10,Sin posicionar,7-12,/villas/?mes=agosto,Contenido estacional + anuncios,145-220 sesiones/mes,1.8%,3-4 reservas/mes,Muy Alta
mejor villa lujo san antonio,290,45,€3.90,Sin posicionar,4-8,/villas/san-antonio/,Reforzar categoría + reviews,42-68 sesiones/mes,3.5%,1-2 reservas/mes,Alta
alquiler casa ibiza semana,650,40,€3.20,Sin posicionar,6-10,/villas/alquiler-semanal/,Nueva landing + precios claros,78-112 sesiones/mes,2.2%,2-3 reservas/mes,Alta
villas ibiza bodas eventos,220,36,€5.80,Sin posicionar,3-6,/villas/eventos/,Nueva sección eventos + casos,38-58 sesiones/mes,5.5%,2-3 eventos/mes,Media
villa ibiza vistas mar sunset,310,43,€4.10,Sin posicionar,5-9,/villas/vistas-mar/,Categoría + galería fotos,42-65 sesiones/mes,3.0%,1-2 reservas/mes,Media
casas lujo ibiza playa den bossa,420,46,€3.70,Sin posicionar,6-11,/villas/playa-den-bossa/,Optimizar categoría existente,52-82 sesiones/mes,2.6%,1-2 reservas/mes,Alta
alquiler villa ibiza fin de semana,380,41,€3.60,Sin posicionar,7-12,/villas/fin-semana/,Nueva landing + oferta corta estancia,42-68 sesiones/mes,1.9%,1 reserva/mes,Media
villas lujo ibiza air conditioning,180,32,€2.90,Sin posicionar,4-7,/villas/,Añadir filtro + destacar amenidad,28-42 sesiones/mes,2.8%,1 reserva/mes,Baja
villa ibiza jacuzzi terraza,240,39,€4.30,Sin posicionar,5-9,/villas/jacuzzi/,Nueva categoría amenidades,32-52 sesiones/mes,3.4%,1-2 reservas/mes,Media
alquiler villa ibiza acceso minusvalidos,95,28,€2.40,Sin posicionar,2-5,/villas/accesibles/,Nueva sección accesibilidad,18-28 sesiones/mes,4.5%,1 reserva/mes,Baja
casa ibiza cerca aeropuerto,210,37,€2.80,Sin posicionar,6-10,/villas/cerca-aeropuerto/,Filtro ubicación + destacar proximidad,25-38 sesiones/mes,2.1%,1 reserva/mes,Baja
